id,name,address,work_phone
__export__.rw_headhunter_company_1,太极信息有限公司,安徽省大冶县西夏毛街W座 922858,13721696829
__export__.rw_headhunter_company_2,济南亿次元网络有限公司,江苏省福州县东丽哈尔滨路D座 195622,15037224471
__export__.rw_headhunter_company_3,迪摩信息有限公司,山东省淑华县海陵侯街D座 543375,15733284908
__export__.rw_headhunter_company_4,盟新信息有限公司,新疆维吾尔自治区婷县滨城武汉路W座 722955,18543639155
__export__.rw_headhunter_company_5,雨林木风计算机传媒有限公司,山东省杭州县合川兰州路K座 562901,15354669869
__export__.rw_headhunter_company_6,维旺明信息有限公司,河北省西安县长寿武汉路W座 992687,13428720602
__export__.rw_headhunter_company_7,维涛网络有限公司,河北省天津县永川喻街Q座 277227,18777485008
__export__.rw_headhunter_company_8,佳禾传媒有限公司,山西省涛市花溪沙路F座 855259,18687213412
__export__.rw_headhunter_company_9,巨奥网络有限公司,内蒙古自治区龙县沙湾张家港街z座 922311,15995799952
__export__.rw_headhunter_company_10,银嘉科技有限公司,贵州省嘉禾市高港裴街T座 723544,18615199028
__export__.rw_headhunter_company_11,和泰网络有限公司,广东省洁县沈河宦路k座 863289,18551329961
__export__.rw_headhunter_company_12,精芯网络有限公司,湖南省小红市淄川柳州街p座 184490,18834775540
__export__.rw_headhunter_company_13,富Q传媒有限公司,宁夏回族自治区秀华市浔阳南宁街T座 496762,15263206744
__export__.rw_headhunter_company_14,惠派国际公司网络有限公司,湖南省成县涪城辽阳路e座 521387,15022238185
__export__.rw_headhunter_company_15,黄石金承信息有限公司,湖南省秀云县兴山杭州街m座 677858,18656991560
__export__.rw_headhunter_company_16,华成育卓传媒有限公司,陕西省呼和浩特县浔阳沈阳街T座 425942,13754491476
__export__.rw_headhunter_company_17,趋势信息有限公司,辽宁省桂芝市白云昆明街C座 983055,13368297736
__export__.rw_headhunter_company_18,明腾网络有限公司,福建省深圳县南溪香港路H座 253463,13957704631
__export__.rw_headhunter_company_19,精芯信息有限公司,陕西省欢县龙潭汕尾路E座 741902,18551256437
__export__.rw_headhunter_company_20,联通时科网络有限公司,陕西省涛县房山海口街d座 779427,14718976113
__export__.rw_headhunter_company_21,海创传媒有限公司,江西省深圳市徐汇潮州街G座 574259,18045751773
__export__.rw_headhunter_company_22,四通科技有限公司,山西省上海市大兴许路H座 567213,18542591403
__export__.rw_headhunter_company_23,万迅电脑网络有限公司,内蒙古自治区惠州县白云马鞍山路j座 867709,13031271571
__export__.rw_headhunter_company_24,良诺科技有限公司,新疆维吾尔自治区荆门市双滦呼和浩特路B座 723796,13540822035
__export__.rw_headhunter_company_25,南康传媒有限公司,甘肃省福州市崇文于路E座 441703,13963597420
__export__.rw_headhunter_company_26,数字100信息有限公司,河北省军市璧山汕尾街Y座 307303,15626597051
__export__.rw_headhunter_company_27,国讯科技有限公司,四川省淑英市涪城太原街p座 366460,14500430040
__export__.rw_headhunter_company_28,四通传媒有限公司,江苏省春梅市西峰房路Y座 313178,13067919290
__export__.rw_headhunter_company_29,恩悌传媒有限公司,青海省丹丹市牧野石街v座 481938,18735602251
__export__.rw_headhunter_company_30,巨奥网络有限公司,河南省荣县华龙俞街q座 100454,15378530074
__export__.rw_headhunter_company_31,联通时科信息有限公司,云南省长沙县沈河乌鲁木齐街S座 856877,15863284801
__export__.rw_headhunter_company_32,黄石金承网络有限公司,湖南省玉兰县清河西安街w座 528056,13901999258
__export__.rw_headhunter_company_33,昊嘉科技有限公司,河南省萍县城东拓街B座 610244,15197500879
__export__.rw_headhunter_company_34,同兴万点信息有限公司,云南省香港县徐汇干路X座 539785,14761532439
__export__.rw_headhunter_company_35,恒聪百汇信息有限公司,吉林省文县南长永安路b座 919019,18989271904
__export__.rw_headhunter_company_36,中建创业传媒有限公司,广西壮族自治区丽娟市安次庄路r座 685603,15239575928
__export__.rw_headhunter_company_37,网新恒天科技有限公司,西藏自治区小红市金平郑州街G座 490380,13834978150
__export__.rw_headhunter_company_38,佳禾科技有限公司,福建省宜都县大东广州街C座 568499,18027786734
__export__.rw_headhunter_company_39,兰金电子科技有限公司,江苏省雷市黄浦太街l座 954271,13911373045
__export__.rw_headhunter_company_40,泰麒麟科技有限公司,广东省伟县平山裘路M座 984018,18224062493
__export__.rw_headhunter_company_41,海创网络有限公司,浙江省海门市璧山北京街L座 694409,15939058484
__export__.rw_headhunter_company_42,方正科技科技有限公司,海南省西宁市萧山广街p座 800235,15027999502
__export__.rw_headhunter_company_43,创联世纪科技有限公司,江苏省畅市和平卞街m座 537591,13725793863
__export__.rw_headhunter_company_44,新宇龙信息科技有限公司,吉林省小红县兴山包街K座 961534,15665925964
__export__.rw_headhunter_company_45,晖来计算机网络有限公司,江西省香港市沙市杭街b座 827615,13127343651
__export__.rw_headhunter_company_46,群英科技有限公司,江苏省丹市清城上海路A座 777373,18909442521
__export__.rw_headhunter_company_47,华泰通安网络有限公司,湖南省丹丹县孝南哈尔滨街l座 224058,13188056181
__export__.rw_headhunter_company_48,恒聪百汇网络有限公司,湖南省超县蓟州粱街t座 313450,14546307127
__export__.rw_headhunter_company_49,群英科技有限公司,西藏自治区柳州市西峰钱路A座 630954,18231811786
__export__.rw_headhunter_company_50,和泰传媒有限公司,安徽省强市房山花路F座 847439,15232959478
__export__.rw_headhunter_company_51,信诚致远传媒有限公司,福建省南昌市花溪张家港街d座 673143,18291294033
__export__.rw_headhunter_company_52,天益网络有限公司,湖南省乌鲁木齐县平山哈尔滨路q座 377394,18280309067
__export__.rw_headhunter_company_53,襄樊地球村传媒有限公司,河南省鹏市六枝特宫街Y座 251354,15186152032
__export__.rw_headhunter_company_54,凌云信息有限公司,海南省东县清城缪路j座 951759,15904599575
__export__.rw_headhunter_company_55,合联电子传媒有限公司,青海省梧州市滨城荣街D座 100438,15125056251
__export__.rw_headhunter_company_56,维涛传媒有限公司,黑江省齐齐哈尔县徐汇潮州路E座 469747,14737720694
__export__.rw_headhunter_company_57,飞海科技网络有限公司,云南省阜新县江北里街v座 239013,18657450931
__export__.rw_headhunter_company_58,恩悌传媒有限公司,陕西省英县丰都上海街R座 914730,14592411744
__export__.rw_headhunter_company_59,毕博诚网络有限公司,江西省合肥县梁平兴城街R座 684595,13805904413
__export__.rw_headhunter_company_60,国讯传媒有限公司,湖北省建华市孝南辽阳街G座 718722,13394883552
__export__.rw_headhunter_company_61,鸿睿思博传媒有限公司,吉林省斌市滨城鞠路z座 478767,18854409182
__export__.rw_headhunter_company_62,诺依曼软件传媒有限公司,山西省勇县高明杭州街r座 874415,13983737150
__export__.rw_headhunter_company_63,开发区世创科技有限公司,山东省昆明县沙湾鲁路K座 904513,15691838763
__export__.rw_headhunter_company_64,创亿信息有限公司,黑江省强县高坪济南街e座 588458,14598846930
__export__.rw_headhunter_company_65,戴硕电子传媒有限公司,四川省建平市丰都永安路D座 436967,13506097107
__export__.rw_headhunter_company_66,迪摩传媒有限公司,山东省南京县朝阳北京路b座 197013,15230903446
__export__.rw_headhunter_company_67,MBP软件科技有限公司,西藏自治区嘉禾市海陵范街q座 719283,13190142583
__export__.rw_headhunter_company_68,海创信息有限公司,内蒙古自治区济南县高坪宰路s座 244066,13833420951
__export__.rw_headhunter_company_69,MBP软件传媒有限公司,黑江省海门县清河饶街u座 495283,13242491839
__export__.rw_headhunter_company_70,飞海科技传媒有限公司,黑江省澳门市兴山焦街a座 135900,15895464634
__export__.rw_headhunter_company_71,合联电子传媒有限公司,广东省金凤县淄川宗路y座 128130,14515273406
__export__.rw_headhunter_company_72,联软网络有限公司,河北省楠县滨城西宁路l座 377849,15556024570
__export__.rw_headhunter_company_73,黄石金承信息有限公司,内蒙古自治区齐齐哈尔县朝阳祖路i座 293861,14774843193
__export__.rw_headhunter_company_74,天开信息有限公司,广西壮族自治区秀梅县金平丰街p座 288177,18605235786
__export__.rw_headhunter_company_75,七喜网络有限公司,湖南省建军市高明佘路x座 859889,15179263244
__export__.rw_headhunter_company_76,MBP软件科技有限公司,四川省颖市山亭禹街z座 998231,18663753234
__export__.rw_headhunter_company_77,双敏电子科技有限公司,浙江省丹丹县西峰合肥路E座 653006,13012560976
__export__.rw_headhunter_company_78,凌颖信息网络有限公司,山西省玉英县城北朱街r座 410381,15953991715
__export__.rw_headhunter_company_79,佳禾科技有限公司,吉林省长春市高坪陈街z座 961370,18010568286
__export__.rw_headhunter_company_80,富Q科技有限公司,吉林省拉萨市梁平包街Q座 996917,15023360683
__export__.rw_headhunter_company_81,联软科技有限公司,湖北省通辽县合川祝街T座 814420,15339900216
__export__.rw_headhunter_company_82,恒聪百汇信息有限公司,辽宁省浩县高坪辽阳街f座 438771,15190174342
__export__.rw_headhunter_company_83,晖来计算机科技有限公司,江西省淑英市朝阳陈街K座 245341,18856463549
__export__.rw_headhunter_company_84,时空盒数字信息有限公司,广西壮族自治区郑州市永川曾路e座 366959,14541668862
__export__.rw_headhunter_company_85,快讯信息有限公司,新疆维吾尔自治区秀荣市高坪呼和浩特路S座 824823,18178895208
__export__.rw_headhunter_company_86,商软冠联科技有限公司,江西省郑州县徐汇夹路O座 592050,15569549656
__export__.rw_headhunter_company_87,中建创业传媒有限公司,河北省深圳市滨城贡路J座 733467,15072673062
__export__.rw_headhunter_company_88,盟新科技有限公司,江苏省永安市锡山周街Y座 112634,14504822274
__export__.rw_headhunter_company_89,维旺明科技有限公司,浙江省南京市房山西安路l座 934591,15502238808
__export__.rw_headhunter_company_90,万迅电脑网络有限公司,甘肃省慧县沈北新商街z座 782456,14591868132
__export__.rw_headhunter_company_91,合联电子网络有限公司,吉林省勇县滨城通辽街m座 146394,15349215480
__export__.rw_headhunter_company_92,浦华众城网络有限公司,四川省辛集县和平海口街o座 804984,14560435854
__export__.rw_headhunter_company_93,合联电子科技有限公司,湖北省大冶市海港大冶路p座 130292,15576909228
__export__.rw_headhunter_company_94,鸿睿思博传媒有限公司,吉林省林市西峰屠街y座 529497,15617161128
__export__.rw_headhunter_company_95,联通时科网络有限公司,福建省香港市永川凌街S座 521979,14508565341
__export__.rw_headhunter_company_96,图龙信息传媒有限公司,宁夏回族自治区帆县崇文扈路x座 776681,13748300941
__export__.rw_headhunter_company_97,四通科技有限公司,河南省杭州市大东寇路X座 701754,15548189263
__export__.rw_headhunter_company_98,襄樊地球村传媒有限公司,云南省坤市沙市淮安路b座 496786,14712213530
__export__.rw_headhunter_company_99,和泰传媒有限公司,山东省磊市静安福州街c座 332688,14599529534
__export__.rw_headhunter_company_100,创汇传媒有限公司,山东省龙县平山兴城路Y座 517278,15770173342
